หมวดหมู่ (Topic),ชื่อฟิลด์ (Field Name),คำอธิบาย / ชนิดข้อมูล
ข้อมูลพื้นฐาน (Base Asset),assetCode,รหัสทรัพย์สิน (String)
ข้อมูลพื้นฐาน (Base Asset),oldAssetCode,รหัสทรัพย์สินเดิม (String)
ข้อมูลพื้นฐาน (Base Asset),assetName,ชื่อทรัพย์สิน (String)
ข้อมูลพื้นฐาน (Base Asset),serialNo,Serial Number (String)
ข้อมูลพื้นฐาน (Base Asset),type,ประเภท (String)
ข้อมูลพื้นฐาน (Base Asset),brand,ยี่ห้อ (String)
ข้อมูลพื้นฐาน (Base Asset),model,รุ่น (String)
ข้อมูลพื้นฐาน (Base Asset),vendor,ผู้จัดจำหน่าย (String)
ข้อมูลพื้นฐาน (Base Asset),poNumber,เลขที่ PO (String)
ข้อมูลพื้นฐาน (Base Asset),prNumber,เลขที่ PR (String)
ข้อมูลพื้นฐาน (Base Asset),purchaseDate,วันที่ซื้อ (Date)
ข้อมูลพื้นฐาน (Base Asset),purchasePrice,ราคา (Float)
ข้อมูลพื้นฐาน (Base Asset),warrantyEndDate,วันหมดประกัน (Date)
ข้อมูลพื้นฐาน (Base Asset),ownerName,ชื่อผู้ถือครอง (String)
ข้อมูลพื้นฐาน (Base Asset),departmentId,แผนก (String)
ข้อมูลพื้นฐาน (Base Asset),location,สถานที่ (String)
ข้อมูลพื้นฐาน (Base Asset),floor,ชั้น (String)
ข้อมูลพื้นฐาน (Base Asset),company,บริษัท (String)
ข้อมูลพื้นฐาน (Base Asset),status,"สถานะ (Enum: Available, InUse, etc.)"
ข้อมูลพื้นฐาน (Base Asset),budget,งบประมาณ (String)
ข้อมูลพื้นฐาน (Base Asset),remark,หมายเหตุ (String)
คอมพิวเตอร์ (Computer),cpu,ซีพียู (String)
คอมพิวเตอร์ (Computer),cpuGeneration,รุ่นซีพียู (String)
คอมพิวเตอร์ (Computer),ram,ขนาดแรมรวม (String)
คอมพิวเตอร์ (Computer),ramSlot1,แรมสล็อต 1 (String)
คอมพิวเตอร์ (Computer),ramSlot2,แรมสล็อต 2 (String)
คอมพิวเตอร์ (Computer),storage1,พื้นที่เก็บข้อมูล 1 (String)
คอมพิวเตอร์ (Computer),storage2,พื้นที่เก็บข้อมูล 2 (String)
คอมพิวเตอร์ (Computer),gpu,การ์ดจอ (String)
คอมพิวเตอร์ (Computer),osType,ประเภท OS (String)
คอมพิวเตอร์ (Computer),osVersion,เวอร์ชัน OS (String)
คอมพิวเตอร์ (Computer),windowsLicense,ไลเซนส์ Windows (String)
คอมพิวเตอร์ (Computer),officeLicense,ไลเซนส์ Office (String)
คอมพิวเตอร์ (Computer),antivirusStatus,สถานะ Antivirus (String)
คอมพิวเตอร์ (Computer),domainName,ชื่อโดเมน (String)
คอมพิวเตอร์ (Computer),snComputer,S/N คอมพิวเตอร์ (String)
โทรศัพท์/แท็บเล็ต (Phone),imei1,IMEI 1 (String)
โทรศัพท์/แท็บเล็ต (Phone),imei2,IMEI 2 (String)
โทรศัพท์/แท็บเล็ต (Phone),osVersion,เวอร์ชัน OS (String)
โทรศัพท์/แท็บเล็ต (Phone),storageCapacity,ความจุ (String)
โทรศัพท์/แท็บเล็ต (Phone),ram,แรม (String)
โทรศัพท์/แท็บเล็ต (Phone),phoneNumber,เบอร์โทรศัพท์ (String)
โทรศัพท์/แท็บเล็ต (Phone),mdmEnrolled,ลงทะเบียน MDM (Boolean)
โทรศัพท์/แท็บเล็ต (Phone),simProvider,ผู้ให้บริการซิม (String)
จอภาพ (Monitor),screenSize,ขนาดหน้าจอ (String)
จอภาพ (Monitor),resolution,ความละเอียด (String)
จอภาพ (Monitor),panelType,ประเภท Panel (String)
จอภาพ (Monitor),refreshRate,Refresh Rate (String)
จอภาพ (Monitor),ports,พอร์ต (String)
จอภาพ (Monitor),hasSpeaker,มีลำโพงในตัว (Boolean)
จอภาพ (Monitor),curved,จอโค้ง (Boolean)
อุปกรณ์ทั่วไป (Device),deviceType,ประเภทอุปกรณ์ (String)
อุปกรณ์ทั่วไป (Device),connectionType,การเชื่อมต่อ (String)
อุปกรณ์ทั่วไป (Device),powerSource,แหล่งพลังงาน (String)
อุปกรณ์ทั่วไป (Device),rgbSupport,รองรับ RGB (Boolean)
อุปกรณ์เครือข่าย (Network),networkType,ประเภทเครือข่าย (String)
อุปกรณ์เครือข่าย (Network),ipAddress,IP Address (String)
อุปกรณ์เครือข่าย (Network),macAddress,MAC Address (String)
อุปกรณ์เครือข่าย (Network),firmwareVersion,เวอร์ชันเฟิร์มแวร์ (String)
อุปกรณ์เครือข่าย (Network),portCount,จำนวนพอร์ต (Int)
อุปกรณ์เครือข่าย (Network),locationRack,ตำแหน่งในตู้แร็ค (String)
อุปกรณ์เครือข่าย (Network),poeSupport,รองรับ POE (Boolean)
ตู้แร็ค (Rack),subType,ประเภทตู้ย่อย (String)
ตู้แร็ค (Rack),rackUnits,ขนาด (U) (String)
ตู้แร็ค (Rack),powerCapacity,ความจุไฟ (String)
ตู้แร็ค (Rack),rackLocation,สถานที่ตั้งตู้ (String)
เครื่องพิมพ์ (Printer),printerType,ประเภทเครื่องพิมพ์ (String)
เครื่องพิมพ์ (Printer),isColor,พิมพ์สีได้ (Boolean)
เครื่องพิมพ์ (Printer),networkReady,ต่อเครือข่ายได้ (Boolean)
เครื่องพิมพ์ (Printer),ipAddress,IP Address (String)
เครื่องพิมพ์ (Printer),macAddress,MAC Address (String)
เครื่องพิมพ์ (Printer),pageCount,จำนวนหน้าที่พิมพ์แล้ว (Int)
เครื่องพิมพ์ (Printer),duplexSupport,พิมพ์สองหน้า (Boolean)
สายสัญญาณ (Cable),cableType,ประเภทสาย (String)
สายสัญญาณ (Cable),length,ความยาว (String)
สายสัญญาณ (Cable),stockQuantity,จำนวนในคลัง (Int)
สายสัญญาณ (Cable),minimumStock,จำนวนขั้นต่ำ (Int)
วัสดุสิ้นเปลือง (Consumable),consumableType,ประเภทวัสดุสิ้นเปลือง (String)
วัสดุสิ้นเปลือง (Consumable),compatibleWith,ใช้งานร่วมกับ (String)
วัสดุสิ้นเปลือง (Consumable),stockQuantity,จำนวนในคลัง (Int)
วัสดุสิ้นเปลือง (Consumable),minimumStock,จำนวนขั้นต่ำ (Int)
วัสดุสิ้นเปลือง (Consumable),expiryDate,วันหมดอายุ (Date)
